Source,Value,Target
configuration/archunit.properties,0,ares/api/archunit.properties
templates/architecture/java/exclusions.txt,0,ares/api/templates/architecture/java/exclusions.txt
templates/architecture/java/archunit/rules/FILESYSTEM_INTERACTION.txt,0,ares/api/templates/architecture/java/archunit/rules/FILESYSTEM_INTERACTION.txt
templates/architecture/java/archunit/rules/NETWORK_CONNECTION.txt,0,ares/api/templates/architecture/java/archunit/rules/NETWORK_CONNECTION.txt
templates/architecture/java/archunit/rules/COMMAND_EXECUTION.txt,0,ares/api/templates/architecture/java/archunit/rules/COMMAND_EXECUTION.txt
templates/architecture/java/archunit/rules/THREAD_CREATION.txt,0,ares/api/templates/architecture/java/archunit/rules/THREAD_CREATION.txt
templates/architecture/java/archunit/rules/PACKAGE_IMPORT.txt,0,ares/api/templates/architecture/java/archunit/rules/PACKAGE_IMPORT.txt
templates/architecture/java/archunit/rules/TERMINATE_JVM.txt,0,ares/api/templates/architecture/java/archunit/rules/TERMINATE_JVM.txt
templates/architecture/java/archunit/rules/REFLECTION.txt,0,ares/api/templates/architecture/java/archunit/rules/REFLECTION.txt
templates/architecture/java/archunit/rules/CLASS_LOADING.txt,0,ares/api/templates/architecture/java/archunit/rules/CLASS_LOADING.txt
templates/architecture/java/archunit/rules/SERIALIZATION.txt,0,ares/api/templates/architecture/java/archunit/rules/SERIALIZATION.txt
templates/architecture/java/archunit/methods/file-system-access-methods.txt,0,ares/api/templates/architecture/java/archunit/methods/file-system-access-methods.txt
templates/architecture/java/archunit/methods/network-access-methods.txt,0,ares/api/templates/architecture/java/archunit/methods/network-access-methods.txt
templates/architecture/java/archunit/methods/command-execution-methods.txt,0,ares/api/templates/architecture/java/archunit/methods/command-execution-methods.txt
templates/architecture/java/archunit/methods/thread-manipulation-methods.txt,0,ares/api/templates/architecture/java/archunit/methods/thread-manipulation-methods.txt
templates/architecture/java/archunit/methods/jvm-termination-methods.txt,0,ares/api/templates/architecture/java/archunit/methods/jvm-termination-methods.txt
templates/architecture/java/archunit/methods/reflection-methods.txt,0,ares/api/templates/architecture/java/archunit/methods/reflection-methods.txt
templates/architecture/java/archunit/methods/classloader-methods.txt,0,ares/api/templates/architecture/java/archunit/methods/classloader-methods.txt
templates/architecture/java/archunit/methods/serializable-methods.txt,0,ares/api/templates/architecture/java/archunit/methods/serializable-methods.txt
templates/architecture/java/archunit/methods/agent-attach-methods.txt,0,ares/api/templates/architecture/java/archunit/methods/agent-attach-methods.txt
templates/architecture/java/archunit/methods/environment-access-methods.txt,0,ares/api/templates/architecture/java/archunit/methods/environment-access-methods.txt
templates/architecture/java/archunit/methods/jndi-injection-methods.txt,0,ares/api/templates/architecture/java/archunit/methods/jndi-injection-methods.txt
templates/architecture/java/archunit/methods/module-system-access-methods.txt,0,ares/api/templates/architecture/java/archunit/methods/module-system-access-methods.txt
templates/architecture/java/archunit/methods/native-code-access-methods.txt,0,ares/api/templates/architecture/java/archunit/methods/native-code-access-methods.txt
templates/architecture/java/wala/methods/agent-attach-methods.txt,0,ares/api/templates/architecture/java/wala/methods/agent-attach-methods.txt
templates/architecture/java/wala/methods/classloader-methods.txt,0,ares/api/templates/architecture/java/wala/methods/classloader-methods.txt
templates/architecture/java/wala/methods/command-execution-methods.txt,0,ares/api/templates/architecture/java/wala/methods/command-execution-methods.txt
templates/architecture/java/wala/methods/environment-access-methods.txt,0,ares/api/templates/architecture/java/wala/methods/environment-access-methods.txt
templates/architecture/java/wala/methods/file-system-access-methods.txt,0,ares/api/templates/architecture/java/wala/methods/file-system-access-methods.txt
templates/architecture/java/wala/methods/jndi-injection-methods.txt,0,ares/api/templates/architecture/java/wala/methods/jndi-injection-methods.txt
templates/architecture/java/wala/methods/jvm-termination-methods.txt,0,ares/api/templates/architecture/java/wala/methods/jvm-termination-methods.txt
templates/architecture/java/wala/methods/module-system-access-methods.txt,0,ares/api/templates/architecture/java/wala/methods/module-system-access-methods.txt
templates/architecture/java/wala/methods/native-code-access-methods.txt,0,ares/api/templates/architecture/java/wala/methods/native-code-access-methods.txt
templates/architecture/java/wala/methods/network-access-methods.txt,0,ares/api/templates/architecture/java/wala/methods/network-access-methods.txt
templates/architecture/java/wala/methods/reflection-methods.txt,0,ares/api/templates/architecture/java/wala/methods/reflection-methods.txt
templates/architecture/java/wala/methods/serializable-methods.txt,0,ares/api/templates/architecture/java/wala/methods/serializable-methods.txt
templates/architecture/java/wala/methods/thread-manipulation-methods.txt,0,ares/api/templates/architecture/java/wala/methods/thread-manipulation-methods.txt
